{
  "features": [
    "soh",
    "odometer",
    "chg_mode",
    "chrg_cnt",
    "chrg_cnt_q",
    "cumul_current_dischrgd",
    "cumul_pw_chrgd",
    "cumul_energy_chrgd_q",
    "op_time",
    "mod_min_temp",
    "mod_max_temp",
    "batt_coolant_inlet_temp",
    "ext_temp",
    "pack_current",
    "pack_volt",
    "acceptable_chrg_pw",
    "cell_volt_mean"
  ],
  "L": 120,
  "mus": [
    96.95368194580078,
    64515.46875,
    0.16835787892341614,
    292.643310546875,
    508.4290466308594,
    56269.59375,
    19532.556640625,
    8817.0810546875,
    17403360.0,
    23.39954948425293,
    25.649370193481445,
    20.6573429107666,
    11.719718933105469,
    -32.48405456542969,
    348.8260498046875,
    143.1954803466797,
    3.8686280250549316
  ],
  "sds": [
    2.056614398956299,
    30344.658203125,
    0.37553614377975464,
    211.77883911132812,
    282.8014831542969,
    23047.18359375,
    7978.93408203125,
    4956.6494140625,
    6172524.5,
    7.763330936431885,
    7.516936302185059,
    8.152552604675293,
    11.500458717346191,
    37.64651870727539,
    16.5026912689209,
    26.407207489013672,
    0.18358705937862396
  ],
  "mu_t": -0.0349920317530632,
  "sd_t": 0.2576450705528259,
  "model": {
    "patch_len": 10,
    "stride": 5,
    "d_model": 64,
    "n_heads": 4,
    "n_layers": 2,
    "d_ff": 128,
    "dropout": 0.1
  },
  "H": 300,
  "holdout_device": null,
  "experiment": "raw",
  "mode": null
}