test_device,n_test,mae,acc_0p5,acc_1p0,acc_2p0,hl_mae,hl_acc_0p5,hl_acc_1p0,hl_acc_2p0,acc_1p0_margin,mae_margin
1241225178,4417,0.1487763226032257,96.01539506452343,99.00384876613086,100.0,0.09947945922613144,96.67194928684627,99.00384876613086,100.0,0.0,-0.04929686337709427
1241225211,7547,0.1293317824602127,96.0116602623559,99.92049821120975,100.0,0.0752883180975914,98.29071154100967,100.0,100.0,-0.07950178879025316,-0.05404346436262131
1241225220,6911,0.22180922329425812,88.87281145999133,98.24916799305456,100.0,0.21127226948738098,89.87121979453046,98.39386485313268,100.0,-0.14469686007812754,-0.010536953806877136
1241225226,618,0.46570777893066406,66.8284789644013,86.40776699029125,100.0,0.44530707597732544,69.41747572815534,88.83495145631069,100.0,-2.4271844660194404,-0.020400702953338623
