{
  "features": [
    "soh",
    "odometer",
    "chg_mode",
    "chrg_cnt",
    "chrg_cnt_q",
    "cumul_current_dischrgd",
    "cumul_pw_chrgd",
    "cumul_energy_chrgd_q",
    "op_time",
    "mod_min_temp",
    "mod_max_temp",
    "batt_coolant_inlet_temp",
    "ext_temp",
    "pack_current",
    "pack_volt",
    "acceptable_chrg_pw",
    "cell_volt_mean"
  ],
  "L": 100,
  "mus": [
    97.25003814697266,
    64376.85546875,
    0.16827766597270966,
    293.92852783203125,
    507.9512634277344,
    56354.671875,
    19505.8125,
    8838.37109375,
    17402118.0,
    23.402095794677734,
    25.72791862487793,
    20.68614387512207,
    11.734189987182617,
    -32.44985580444336,
    348.8768310546875,
    142.22802734375,
    3.870603322982788
  ],
  "sds": [
    1.9896626472473145,
    30335.150390625,
    0.3748309910297394,
    211.49526977539062,
    282.84625244140625,
    23038.681640625,
    7973.3818359375,
    4959.630859375,
    6170573.0,
    7.7424635887146,
    7.492238521575928,
    8.137309074401855,
    11.509268760681152,
    37.4700813293457,
    16.50772476196289,
    26.55832290649414,
    0.18314912915229797
  ],
  "mu_t": -0.03505479544401169,
  "sd_t": 0.2578276991844177,
  "model": {
    "patch_len": 10,
    "stride": 5,
    "d_model": 64,
    "n_heads": 4,
    "n_layers": 2,
    "d_ff": 128,
    "dropout": 0.1
  },
  "H": 180,
  "holdout_device": null,
  "experiment": "raw",
  "mode": null
}