{
  "features": [
    "soh",
    "odometer",
    "chg_mode",
    "chrg_cnt",
    "chrg_cnt_q",
    "cumul_current_dischrgd",
    "cumul_pw_chrgd",
    "cumul_energy_chrgd_q",
    "op_time",
    "mod_min_temp",
    "mod_max_temp",
    "batt_coolant_inlet_temp",
    "ext_temp",
    "pack_current",
    "pack_volt",
    "acceptable_chrg_pw",
    "cell_volt_mean"
  ],
  "L": 30,
  "mus": [
    96.9653091430664,
    58640.80078125,
    0.2738203704357147,
    268.39434814453125,
    457.84326171875,
    51164.6484375,
    17703.02734375,
    7976.83544921875,
    16597587.0,
    22.52286148071289,
    24.66462516784668,
    20.230161666870117,
    11.345677375793457,
    -39.7087287902832,
    349.6349182128906,
    139.4361114501953,
    3.875803232192993
  ],
  "sds": [
    2.4744441509246826,
    32167.34375,
    0.37672051787376404,
    221.36962890625,
    281.59014892578125,
    25317.419921875,
    8781.279296875,
    4876.98779296875,
    6437397.5,
    7.237014293670654,
    6.994885444641113,
    6.739279270172119,
    10.784697532653809,
    29.449350357055664,
    10.212031364440918,
    19.8935546875,
    0.1133308932185173
  ],
  "mu_t": -0.14128591120243073,
  "sd_t": 0.5089930295944214,
  "model": {
    "patch_len": 4,
    "stride": 2,
    "d_model": 64,
    "n_heads": 4,
    "n_layers": 2,
    "d_ff": 128,
    "dropout": 0.1
  },
  "H": 7,
  "holdout_device": null,
  "experiment": "daily"
}