test_device,n_test,mae,acc_0p5,acc_1p0,acc_2p0,hl_mae,hl_acc_0p5,hl_acc_1p0,hl_acc_2p0,acc_1p0_margin,mae_margin
1241225178,128,0.5071393847465515,52.34375,89.84375,100.0,0.29843783378601074,89.0625,95.3125,100.0,-5.46875,-0.20870155096054077
1241225211,206,0.29372256994247437,82.03883495145631,97.0873786407767,100.0,0.24999992549419403,85.92233009708737,98.54368932038835,100.0,-1.4563106796116472,-0.043722644448280334
1241225220,172,0.5622053146362305,58.139534883720934,83.72093023255815,98.25581395348837,0.5249997973442078,56.97674418604651,88.95348837209302,100.0,-5.2325581395348735,-0.037205517292022705
1241225226,85,0.7345008254051208,52.94117647058824,70.58823529411765,92.94117647058823,0.4388233721256256,70.58823529411765,91.76470588235294,100.0,-21.17647058823529,-0.29567745327949524
