{
  "features": [
    "soh",
    "odometer",
    "chg_mode",
    "chrg_cnt",
    "chrg_cnt_q",
    "cumul_current_dischrgd",
    "cumul_pw_chrgd",
    "cumul_energy_chrgd_q",
    "op_time",
    "mod_min_temp",
    "mod_max_temp",
    "batt_coolant_inlet_temp",
    "ext_temp",
    "pack_current",
    "pack_volt",
    "acceptable_chrg_pw",
    "cell_volt_mean"
  ],
  "L": 100,
  "mus": [
    97.21761322021484,
    64450.1484375,
    0.16958118975162506,
    294.1229553222656,
    507.9573669433594,
    56408.92578125,
    19515.330078125,
    8835.763671875,
    17448560.0,
    23.478923797607422,
    25.790618896484375,
    20.768495559692383,
    11.820573806762695,
    -32.51362609863281,
    348.906982421875,
    142.30877685546875,
    3.8707175254821777
  ],
  "sds": [
    2.0122053623199463,
    30424.12890625,
    0.3755132853984833,
    212.11886596679688,
    283.71966552734375,
    23128.658203125,
    8007.662109375,
    4971.43603515625,
    6184698.5,
    7.764789581298828,
    7.489163398742676,
    8.13487434387207,
    11.534777641296387,
    37.45846939086914,
    16.490039825439453,
    26.46993064880371,
    0.1829300969839096
  ],
  "mu_t": -0.00018614198779687285,
  "sd_t": 0.015445522032678127,
  "model": {
    "patch_len": 10,
    "stride": 5,
    "d_model": 64,
    "n_heads": 4,
    "n_layers": 2,
    "d_ff": 128,
    "dropout": 0.1
  },
  "H": 1,
  "holdout_device": null,
  "experiment": "raw",
  "mode": null
}