test_device,n_test,mae,acc_0p5,acc_1p0,acc_2p0,hl_mae,hl_acc_0p5,hl_acc_1p0,hl_acc_2p0,acc_1p0_margin,mae_margin
1241225178,2681,0.0004054591991007328,100.0,100.0,100.0,0.00037298945244401693,100.0,100.0,100.0,0.0,-3.246974665671587e-05
1241225211,4559,0.0003252039896324277,100.0,100.0,100.0,0.00028515091980807483,100.0,100.0,100.0,0.0,-4.005306982435286e-05
1241225220,4177,0.0015123552875593305,99.97605937275557,100.0,100.0,0.0014843236422166228,99.97605937275557,100.0,100.0,0.0,-2.8031645342707634e-05
1241225226,402,0.004237559158354998,100.0,100.0,100.0,0.004228828940540552,100.0,100.0,100.0,0.0,-8.730217814445496e-06
