test_device,n_test,mae,acc_0p5,acc_1p0,acc_2p0,hl_mae,hl_acc_0p5,hl_acc_1p0,hl_acc_2p0,acc_1p0_margin,mae_margin
1241225178,2681,0.00040443759644404054,100.0,100.0,100.0,0.00037298945244401693,100.0,100.0,100.0,0.0,-3.1448144000023603e-05
1241225211,4559,0.0003066099598072469,100.0,100.0,100.0,0.00028515091980807483,100.0,100.0,100.0,0.0,-2.145903999917209e-05
1241225220,4177,0.0015099826268851757,99.97605937275557,100.0,100.0,0.0014843236422166228,99.97605937275557,100.0,100.0,0.0,-2.5658984668552876e-05
1241225226,402,0.004251793026924133,100.0,100.0,100.0,0.004228828940540552,100.0,100.0,100.0,0.0,-2.296408638358116e-05
