{
  "features": [
    "soh",
    "odometer",
    "chg_mode",
    "chrg_cnt",
    "chrg_cnt_q",
    "cumul_current_dischrgd",
    "cumul_pw_chrgd",
    "cumul_energy_chrgd_q",
    "op_time",
    "mod_min_temp",
    "mod_max_temp",
    "batt_coolant_inlet_temp",
    "ext_temp",
    "pack_current",
    "pack_volt",
    "acceptable_chrg_pw",
    "cell_volt_mean"
  ],
  "L": 180,
  "mus": [
    96.0909423828125,
    64713.140625,
    0.1688532829284668,
    292.0641784667969,
    504.9886474609375,
    56033.37109375,
    19561.646484375,
    8908.64453125,
    17246656.0,
    23.540740966796875,
    25.69268035888672,
    20.702728271484375,
    11.789623260498047,
    -31.44955062866211,
    347.2087707519531,
    133.0643310546875,
    3.955284595489502
  ],
  "sds": [
    2.410618782043457,
    30149.7578125,
    0.3655461370944977,
    211.4920654296875,
    281.7328796386719,
    23020.4453125,
    7957.49853515625,
    4952.7861328125,
    6173778.5,
    7.727221488952637,
    7.475813865661621,
    8.164817810058594,
    11.507784843444824,
    37.173274993896484,
    16.582124710083008,
    27.449819564819336,
    0.2004544585943222
  ],
  "mu_t": -0.03492171689867973,
  "sd_t": 0.2575438320636749,
  "model": {
    "patch_len": 10,
    "stride": 5,
    "d_model": 64,
    "n_heads": 4,
    "n_layers": 2,
    "d_ff": 128,
    "dropout": 0.1
  },
  "H": 600,
  "holdout_device": null,
  "experiment": "raw",
  "mode": null,
  "row_stride": 30
}