test_device,n_test,mae,acc_0p5,acc_1p0,acc_2p0,hl_mae,hl_acc_0p5,hl_acc_1p0,hl_acc_2p0,acc_1p0_margin,mae_margin
1241225178,8846,0.18077123165130615,95.22948225186525,99.97739091114627,100.0,0.09923145920038223,96.67646393850328,99.01650463486321,100.0,0.9608862762830626,-0.08153977245092392
1241225211,15105,0.1612895280122757,97.21946375372393,99.9933796756041,100.0,0.07510107010602951,98.32505792783847,100.0,100.0,-0.0066203243958966596,-0.08618845790624619
1241225220,13834,0.2117990404367447,89.17883475495157,98.33020095417089,100.0,0.21121910214424133,89.87277721555587,98.38080092525662,100.0,-0.050599971085731,-0.0005799382925033569
1241225226,1248,0.45345693826675415,66.50641025641025,87.4198717948718,100.0,0.4430284798145294,69.95192307692307,88.78205128205127,100.0,-1.3621794871794748,-0.010428458452224731
