test_device,n_test,mae,acc_0p5,acc_1p0,acc_2p0,hl_mae,hl_acc_0p5,hl_acc_1p0,hl_acc_2p0,acc_1p0_margin,mae_margin
1241225178,144,0.40734726190567017,70.13888888888889,91.66666666666666,100.0,0.26527807116508484,90.27777777777779,95.83333333333334,100.0,-4.166666666666686,-0.14206919074058533
1241225211,222,0.6961195468902588,44.14414414414414,79.72972972972973,97.2972972972973,0.23198191821575165,86.93693693693693,98.64864864864865,100.0,-18.91891891891892,-0.46413762867450714
1241225220,188,0.5931612253189087,49.46808510638298,83.51063829787235,98.93617021276596,0.48031896352767944,60.63829787234043,89.8936170212766,100.0,-6.38297872340425,-0.11284226179122925
1241225226,101,0.5227875113487244,63.366336633663366,83.16831683168317,99.00990099009901,0.3762373924255371,75.24752475247524,93.06930693069307,100.0,-9.900990099009903,-0.14655011892318726
