{
  "features": [
    "soh",
    "odometer",
    "chg_mode",
    "chrg_cnt",
    "chrg_cnt_q",
    "cumul_current_dischrgd",
    "cumul_pw_chrgd",
    "cumul_energy_chrgd_q",
    "op_time",
    "mod_min_temp",
    "mod_max_temp",
    "batt_coolant_inlet_temp",
    "ext_temp",
    "pack_current",
    "pack_volt",
    "acceptable_chrg_pw",
    "cell_volt_mean"
  ],
  "L": 100,
  "mus": [
    97.22673797607422,
    64425.58203125,
    0.1692826896905899,
    294.06182861328125,
    507.9770202636719,
    56394.46875,
    19511.791015625,
    8836.880859375,
    17434812.0,
    23.46240997314453,
    25.777830123901367,
    20.750120162963867,
    11.798638343811035,
    -32.48389434814453,
    348.88751220703125,
    142.2962646484375,
    3.870636224746704
  ],
  "sds": [
    2.0111382007598877,
    30400.052734375,
    0.375246524810791,
    211.96121215820312,
    283.4906311035156,
    23103.408203125,
    7998.34228515625,
    4968.375,
    6180456.0,
    7.761488437652588,
    7.490211009979248,
    8.155722618103027,
    11.529695510864258,
    37.42894744873047,
    16.491607666015625,
    26.495651245117188,
    0.18296624720096588
  ],
  "mu_t": -0.00967741385102272,
  "sd_t": 0.13664591312408447,
  "model": {
    "patch_len": 10,
    "stride": 5,
    "d_model": 64,
    "n_heads": 4,
    "n_layers": 2,
    "d_ff": 128,
    "dropout": 0.1
  },
  "H": 50,
  "holdout_device": null,
  "experiment": "raw",
  "mode": null
}