test_device,n_test,mae,acc_0p5,acc_1p0,acc_2p0,hl_mae,hl_acc_0p5,hl_acc_1p0,hl_acc_2p0,acc_1p0_margin,mae_margin
1241225178,2671,0.036770470440387726,98.951703481842,99.70048670909772,100.0,0.035941705107688904,98.951703481842,99.70048670909772,100.0,0.0,-0.000828765332698822
1241225211,4549,0.024945925921201706,99.3844801055177,100.0,100.0,0.023741522803902626,99.3844801055177,100.0,100.0,0.0,-0.00120440311729908
1241225220,4168,0.07041990011930466,97.16890595009598,99.6401151631478,100.0,0.06972184777259827,97.72072936660268,99.6401151631478,100.0,0.0,-0.0006980523467063904
1241225226,392,0.184714213013649,91.07142857142857,100.0,100.0,0.18469414114952087,94.64285714285714,100.0,100.0,0.0,-2.0071864128112793e-05
