{
  "features": [
    "soh",
    "odometer",
    "chg_mode",
    "chrg_cnt",
    "chrg_cnt_q",
    "cumul_current_dischrgd",
    "cumul_pw_chrgd",
    "cumul_energy_chrgd_q",
    "op_time",
    "mod_min_temp",
    "mod_max_temp",
    "batt_coolant_inlet_temp",
    "ext_temp",
    "pack_current",
    "pack_volt",
    "acceptable_chrg_pw",
    "cell_volt_mean"
  ],
  "L": 30,
  "mus": [
    96.89469909667969,
    58920.015625,
    0.2759832441806793,
    269.5519714355469,
    458.9829406738281,
    51425.32421875,
    17791.85546875,
    7995.99609375,
    16746716.0,
    22.857179641723633,
    24.960891723632812,
    20.553667068481445,
    11.690652847290039,
    -39.82072067260742,
    349.6904296875,
    139.70367431640625,
    3.8764126300811768
  ],
  "sds": [
    2.4876019954681396,
    32358.41796875,
    0.3783268332481384,
    222.6600799560547,
    283.92987060546875,
    25510.6875,
    8848.748046875,
    4914.49072265625,
    6469303.5,
    7.300779819488525,
    7.030770301818848,
    6.832204341888428,
    11.007918357849121,
    29.47661781311035,
    10.21108627319336,
    19.66295623779297,
    0.11332756280899048
  ],
  "mu_t": -0.018699174746870995,
  "sd_t": 0.18228451907634735,
  "model": {
    "patch_len": 4,
    "stride": 2,
    "d_model": 64,
    "n_heads": 4,
    "n_layers": 2,
    "d_ff": 128,
    "dropout": 0.1
  },
  "H": 1,
  "holdout_device": null,
  "experiment": "daily"
}