test_device,n_test,mae,acc_0p5,acc_1p0,acc_2p0,hl_mae,hl_acc_0p5,hl_acc_1p0,hl_acc_2p0,acc_1p0_margin,mae_margin
1241225178,134,0.0999576523900032,97.01492537313433,99.25373134328358,100.0,0.07164200395345688,98.50746268656717,99.25373134328358,100.0,0.0,-0.028315648436546326
1241225211,212,0.09742330014705658,99.05660377358491,100.0,100.0,0.04622650146484375,99.05660377358491,100.0,100.0,0.0,-0.05119679868221283
1241225220,178,0.1723541021347046,93.25842696629213,98.87640449438202,100.0,0.1432586908340454,93.82022471910112,98.87640449438202,100.0,0.0,-0.02909541130065918
1241225226,91,0.11318156123161316,97.8021978021978,100.0,100.0,0.09999989718198776,98.9010989010989,100.0,100.0,0.0,-0.013181664049625397
