{
  "features": [
    "soh",
    "odometer",
    "chg_mode",
    "chrg_cnt",
    "chrg_cnt_q",
    "cumul_current_dischrgd",
    "cumul_pw_chrgd",
    "cumul_energy_chrgd_q",
    "op_time",
    "mod_min_temp",
    "mod_max_temp",
    "batt_coolant_inlet_temp",
    "ext_temp",
    "pack_current",
    "pack_volt",
    "acceptable_chrg_pw",
    "cell_volt_mean"
  ],
  "L": 30,
  "mus": [
    97.55259704589844,
    67735.5703125,
    0.0,
    337.84564208984375,
    504.4112243652344,
    59351.484375,
    20550.578125,
    8678.73046875,
    18777160.0,
    22.53840446472168,
    24.3524169921875,
    20.496152877807617,
    10.521252632141113,
    -17.448421478271484,
    350.06939697265625,
    135.71319580078125,
    3.880500316619873
  ],
  "sds": [
    1.8257160186767578,
    29945.310546875,
    1.0,
    197.69686889648438,
    293.1103820800781,
    21805.76953125,
    7546.064453125,
    5128.9443359375,
    5320229.5,
    7.550271511077881,
    7.128523826599121,
    7.644376277923584,
    10.898361206054688,
    2.444149971008301,
    11.677206039428711,
    22.65387725830078,
    0.12963585555553436
  ],
  "mu_t": -0.11371492594480515,
  "sd_t": 0.47766628861427307,
  "model": {
    "patch_len": 4,
    "stride": 2,
    "d_model": 64,
    "n_heads": 4,
    "n_layers": 2,
    "d_ff": 128,
    "dropout": 0.1
  },
  "H": 7,
  "holdout_device": null,
  "experiment": "by_chg_mode",
  "mode": "slow"
}