test_device,n_test,mae,acc_0p5,acc_1p0,acc_2p0,hl_mae,hl_acc_0p5,hl_acc_1p0,hl_acc_2p0,acc_1p0_margin,mae_margin
1241225178,128,0.4458867311477661,60.15625,89.0625,100.0,0.295312762260437,88.28125,96.09375,100.0,-7.03125,-0.1505739688873291
1241225211,204,0.7254241704940796,35.78431372549019,73.52941176470588,100.0,0.2524509131908417,85.29411764705883,98.52941176470588,100.0,-25.0,-0.4729732573032379
1241225220,131,0.9179058074951172,22.900763358778626,60.30534351145038,96.94656488549617,0.4912210702896118,57.25190839694656,91.6030534351145,100.0,-31.297709923664122,-0.42668473720550537
