{
  "features": [
    "soh",
    "odometer",
    "chg_mode",
    "chrg_cnt",
    "chrg_cnt_q",
    "cumul_current_dischrgd",
    "cumul_pw_chrgd",
    "cumul_energy_chrgd_q",
    "op_time",
    "mod_min_temp",
    "mod_max_temp",
    "batt_coolant_inlet_temp",
    "ext_temp",
    "pack_current",
    "pack_volt",
    "acceptable_chrg_pw",
    "cell_volt_mean"
  ],
  "L": 30,
  "mus": [
    96.14405822753906,
    52843.15234375,
    1.0,
    154.19065856933594,
    512.3027954101562,
    45124.06640625,
    15621.9658203125,
    9206.9375,
    12848802.0,
    25.082763671875,
    28.535249710083008,
    19.575481414794922,
    17.086671829223633,
    -109.3232421875,
    348.002685546875,
    150.3009796142578,
    3.8578200340270996
  ],
  "sds": [
    2.6352131366729736,
    29108.828125,
    1.0,
    207.59381103515625,
    217.50396728515625,
    24421.21484375,
    8486.4443359375,
    3781.487548828125,
    5798655.5,
    6.529969692230225,
    6.609313488006592,
    4.545051574707031,
    9.83997917175293,
    29.223310470581055,
    7.958935260772705,
    9.853059768676758,
    0.08840335160493851
  ],
  "mu_t": -0.22533774375915527,
  "sd_t": 0.6754504442214966,
  "model": {
    "patch_len": 4,
    "stride": 2,
    "d_model": 64,
    "n_heads": 4,
    "n_layers": 2,
    "d_ff": 128,
    "dropout": 0.1
  },
  "H": 7,
  "holdout_device": null,
  "experiment": "by_chg_mode",
  "mode": "fast"
}