test_device,n_test,mae,acc_0p5,acc_1p0,acc_2p0,hl_mae,hl_acc_0p5,hl_acc_1p0,hl_acc_2p0,acc_1p0_margin,mae_margin
1241225211,74,1.7414443492889404,6.756756756756757,22.972972972972975,60.810810810810814,0.602702260017395,52.702702702702695,82.43243243243244,100.0,-59.45945945945946,-1.1387420892715454
1241225220,140,0.7922995090484619,38.57142857142858,66.42857142857143,97.14285714285714,0.6014285683631897,52.85714285714286,82.85714285714286,100.0,-16.42857142857143,-0.19087094068527222
1241225226,82,0.6394514441490173,46.34146341463415,76.82926829268293,100.0,0.4512193202972412,68.29268292682927,91.46341463414635,100.0,-14.63414634146342,-0.18823212385177612
