{
  "features": [
    "soh",
    "odometer",
    "chg_mode",
    "chrg_cnt",
    "chrg_cnt_q",
    "cumul_current_dischrgd",
    "cumul_pw_chrgd",
    "cumul_energy_chrgd_q",
    "op_time",
    "mod_min_temp",
    "mod_max_temp",
    "batt_coolant_inlet_temp",
    "ext_temp",
    "pack_current",
    "pack_volt",
    "acceptable_chrg_pw",
    "cell_volt_mean"
  ],
  "L": 120,
  "mus": [
    96.94430541992188,
    64518.8828125,
    0.1689264327287674,
    292.7183532714844,
    508.3585510253906,
    56287.40625,
    19546.234375,
    8818.8935546875,
    17420846.0,
    23.43004608154297,
    25.679080963134766,
    20.68987464904785,
    11.755568504333496,
    -32.49543380737305,
    348.80804443359375,
    143.2499542236328,
    3.8693645000457764
  ],
  "sds": [
    2.0609328746795654,
    30377.78125,
    0.37572845816612244,
    212.0245819091797,
    283.0835876464844,
    23099.43359375,
    7991.7822265625,
    4961.68017578125,
    6178616.5,
    7.742155075073242,
    7.516989707946777,
    8.140019416809082,
    11.512567520141602,
    37.61410140991211,
    16.497377395629883,
    26.36849021911621,
    0.1834622621536255
  ],
  "mu_t": -0.020924996584653854,
  "sd_t": 0.19788233935832977,
  "model": {
    "patch_len": 10,
    "stride": 5,
    "d_model": 64,
    "n_heads": 4,
    "n_layers": 2,
    "d_ff": 128,
    "dropout": 0.1
  },
  "H": 180,
  "holdout_device": null,
  "experiment": "raw",
  "mode": null
}