test_device,n_test,mae,acc_0p5,acc_1p0,acc_2p0,hl_mae,hl_acc_0p5,hl_acc_1p0,hl_acc_2p0,acc_1p0_margin,mae_margin
1241225178,4441,0.07164181023836136,98.24363882008556,99.27944156721459,100.0,0.0680028647184372,98.24363882008556,99.27944156721459,100.0,0.0,-0.003638945519924164
1241225211,7571,0.10990727692842484,98.94333641526879,100.0,100.0,0.048685863614082336,98.8508783516048,100.0,100.0,0.0,-0.0612214133143425
1241225220,6935,0.14126156270503998,94.21773612112473,98.77433309300649,100.0,0.14124038815498352,94.6647440519106,99.06272530641672,100.0,-0.28839221341023347,-2.117455005645752e-05
1241225226,642,0.31135430932044983,74.45482866043614,96.10591900311528,100.0,0.3105919361114502,78.34890965732087,97.81931464174455,100.0,-1.7133956386292795,-0.0007623732089996338
