{
  "features": [
    "soh",
    "odometer",
    "chg_mode",
    "chrg_cnt",
    "chrg_cnt_q",
    "cumul_current_dischrgd",
    "cumul_pw_chrgd",
    "cumul_energy_chrgd_q",
    "op_time",
    "mod_min_temp",
    "mod_max_temp",
    "batt_coolant_inlet_temp",
    "ext_temp",
    "pack_current",
    "pack_volt",
    "acceptable_chrg_pw",
    "cell_volt_mean"
  ],
  "L": 14,
  "mus": [
    96.94078826904297,
    57741.8671875,
    0.28922030329704285,
    263.7107849121094,
    449.0411071777344,
    50404.578125,
    17437.357421875,
    7824.251953125,
    16493364.0,
    22.456798553466797,
    24.611236572265625,
    20.30840301513672,
    11.233819961547852,
    -40.530147552490234,
    349.7972412109375,
    139.2161865234375,
    3.877654790878296
  ],
  "sds": [
    2.5365869998931885,
    32471.458984375,
    0.3883213996887207,
    221.39234924316406,
    284.0111083984375,
    25680.48046875,
    8907.689453125,
    4911.93115234375,
    6551666.5,
    7.574645519256592,
    7.327451705932617,
    7.015116214752197,
    11.091572761535645,
    29.96994972229004,
    10.253920555114746,
    20.305761337280273,
    0.11379557847976685
  ],
  "mu_t": -0.12641219794750214,
  "sd_t": 0.48569318652153015,
  "model": {
    "patch_len": 4,
    "stride": 2,
    "d_model": 64,
    "n_heads": 4,
    "n_layers": 2,
    "d_ff": 128,
    "dropout": 0.1
  },
  "H": 7,
  "holdout_device": null
}