test_device,n_test,mae,acc_0p5,acc_1p0,acc_2p0,hl_mae,hl_acc_0p5,hl_acc_1p0,hl_acc_2p0,acc_1p0_margin,mae_margin
1241225178,2645,0.20322376489639282,95.1984877126654,99.92438563327032,100.0,0.0998111367225647,96.67296786389414,99.01701323251417,100.0,0.9073724007561452,-0.10341262817382812
1241225211,4523,0.1418762058019638,96.9931461419412,100.0,100.0,0.07525989413261414,98.3196993146142,100.0,100.0,0.0,-0.06661631166934967
1241225220,4142,0.22812354564666748,88.3631096088846,97.97199420569773,100.0,0.21185456216335297,89.81168517624336,98.40656687590536,100.0,-0.43457267020762913,-0.016268983483314514
1241225226,366,0.4644646942615509,65.30054644808743,87.70491803278688,100.0,0.4502728581428528,69.39890710382514,88.79781420765028,100.0,-1.092896174863398,-0.01419183611869812
