{
  "features": [
    "soh",
    "odometer",
    "chg_mode",
    "chrg_cnt",
    "chrg_cnt_q",
    "cumul_current_dischrgd",
    "cumul_pw_chrgd",
    "cumul_energy_chrgd_q",
    "op_time",
    "mod_min_temp",
    "mod_max_temp",
    "batt_coolant_inlet_temp",
    "ext_temp",
    "pack_current",
    "pack_volt",
    "acceptable_chrg_pw",
    "cell_volt_mean"
  ],
  "L": 100,
  "mus": [
    97.21761322021484,
    64450.1484375,
    0.16958118975162506,
    294.1229553222656,
    507.957275390625,
    56408.92578125,
    19515.330078125,
    8835.763671875,
    17448550.0,
    23.479171752929688,
    25.791099548339844,
    20.767534255981445,
    11.82039737701416,
    -32.505409240722656,
    348.90631103515625,
    142.30746459960938,
    3.870762825012207
  ],
  "sds": [
    2.0122053623199463,
    30424.12890625,
    0.3755132853984833,
    212.11886596679688,
    283.71966552734375,
    23128.658203125,
    8007.66943359375,
    4971.4326171875,
    6184705.0,
    7.764716625213623,
    7.48919153213501,
    8.134699821472168,
    11.535110473632812,
    37.43973159790039,
    16.489822387695312,
    26.47102928161621,
    0.18294255435466766
  ],
  "mu_t": -0.00018614198779687285,
  "sd_t": 0.015445522032678127,
  "model": {
    "patch_len": 10,
    "stride": 5,
    "d_model": 64,
    "n_heads": 4,
    "n_layers": 2,
    "d_ff": 128,
    "dropout": 0.1
  },
  "H": 1,
  "holdout_device": null,
  "experiment": "raw",
  "mode": null
}